test_index,gt_bare_pixels,gt_bare_fraction,pred_bare_pixels,TP,FP,FN,TN,precision,recall,iou,f1,mean_gt_bare_probability,median_gt_bare_probability,p95_gt_bare_probability,area_bin
0,569,0.0086822509765625,347,146,201,423,64766,0.4207492795389049,0.2565905096660808,0.18961038961038962,0.31877729257641924,0.2885409891605377,0.21935349702835083,0.7145149111747742,"501-1,000"
1,115,0.0017547607421875,115,18,97,97,65324,0.1565217391304348,0.1565217391304348,0.08490566037735849,0.1565217391304348,0.21610084176063538,0.15971121191978455,0.5395182371139526,101-250
2,0,0.0,0,0,0,0,65536,0.0,0.0,0.0,0.0,,,,No bare land
3,145,0.0022125244140625,144,41,103,104,65288,0.2847222222222222,0.2827586206896552,0.16532258064516128,0.2837370242214533,0.2813498079776764,0.26420482993125916,0.5873503684997559,101-250
4,2188,0.03338623046875,1712,843,869,1345,62479,0.49240654205607476,0.3852833638025594,0.2757605495583906,0.4323076923076923,0.38273918628692627,0.3749263882637024,0.8486377596855164,"1,001-2,500"
5,627,0.0095672607421875,1879,604,1275,23,63634,0.3214475784992017,0.9633173843700159,0.3175604626708728,0.48204309656823624,0.8332334756851196,0.8826058506965637,0.9665389060974121,"501-1,000"
6,0,0.0,0,0,0,0,65536,0.0,0.0,0.0,0.0,,,,No bare land
7,16,0.000244140625,37,7,30,9,65490,0.1891891891891892,0.4375,0.15217391304347827,0.2641509433962264,0.3889765739440918,0.40682631731033325,0.8296157717704773,1-50
8,0,0.0,0,0,0,0,65536,0.0,0.0,0.0,0.0,,,,No bare land
9,731,0.0111541748046875,743,353,390,378,64415,0.47510094212651416,0.4829001367989056,0.31489741302408564,0.4789687924016282,0.4038677215576172,0.3472045660018921,0.8145542144775391,"501-1,000"
10,7,0.0001068115234375,1,0,1,7,65528,0.0,0.0,0.0,0.0,0.09458614140748978,0.07625158876180649,0.1608126014471054,1-50
11,711,0.0108489990234375,363,109,254,602,64571,0.3002754820936639,0.15330520393811534,0.11295336787564766,0.20297951582867785,0.20261698961257935,0.09319061785936356,0.6545091867446899,"501-1,000"
12,1392,0.021240234375,2272,1159,1113,233,63031,0.5101232394366197,0.8326149425287356,0.4626746506986028,0.63264192139738,0.7578432559967041,0.9014276266098022,0.9707615971565247,"1,001-2,500"
13,180,0.00274658203125,280,78,202,102,65154,0.2785714285714286,0.43333333333333335,0.20418848167539266,0.3391304347826087,0.36827126145362854,0.3377286493778229,0.7837792038917542,101-250
14,450,0.006866455078125,255,105,150,345,64936,0.4117647058823529,0.23333333333333334,0.175,0.2978723404255319,0.2700790464878082,0.19635048508644104,0.7295677661895752,251-500
15,409,0.0062408447265625,711,301,410,108,64717,0.42334739803094235,0.7359413202933985,0.36752136752136755,0.5375,0.5583445429801941,0.6388264894485474,0.8330071568489075,251-500
16,90,0.001373291015625,333,45,288,45,65158,0.13513513513513514,0.5,0.11904761904761904,0.2127659574468085,0.42009061574935913,0.32912957668304443,0.8772910237312317,51-100
17,2566,0.039154052734375,5649,1832,3817,734,59153,0.32430518675871833,0.7139516757599377,0.28701237662541124,0.4460133901399878,0.5728009343147278,0.6598559021949768,0.922269344329834,"2,501-5,000"
18,1799,0.0274505615234375,2361,945,1416,854,62321,0.40025412960609913,0.5252918287937743,0.2939346811819596,0.4543269230769231,0.4406278133392334,0.4432438611984253,0.8389555811882019,"1,001-2,500"
19,357,0.0054473876953125,392,195,197,162,64982,0.49744897959183676,0.5462184873949579,0.351985559566787,0.520694259012016,0.4573362469673157,0.47754228115081787,0.8211376070976257,251-500
20,835,0.0127410888671875,914,411,503,424,64198,0.449671772428884,0.49221556886227547,0.3071748878923767,0.4699828473413379,0.4055050015449524,0.35652998089790344,0.8917412757873535,"501-1,000"
21,420,0.00640869140625,490,189,301,231,64815,0.38571428571428573,0.45,0.2621359223300971,0.4153846153846154,0.3426135182380676,0.3504248559474945,0.7294392585754395,251-500
22,80,0.001220703125,121,28,93,52,65363,0.23140495867768596,0.35,0.16184971098265896,0.27860696517412936,0.3100907802581787,0.15187357366085052,0.9097738265991211,51-100
23,2130,0.032501220703125,3051,2006,1045,124,62361,0.6574893477548345,0.9417840375586854,0.6318110236220472,0.7743678826481374,0.8435760140419006,0.9320027828216553,0.9773498773574829,"1,001-2,500"
24,240,0.003662109375,512,238,274,2,65022,0.46484375,0.9916666666666667,0.46303501945525294,0.6329787234042553,0.8226158022880554,0.8531432151794434,0.8977116346359253,101-250
25,1617,0.0246734619140625,1628,967,661,650,63258,0.5939803439803439,0.5980210265924552,0.4244951712028095,0.5959938366718027,0.4836193919181824,0.5119377374649048,0.894917905330658,"1,001-2,500"
26,6601,0.1007232666015625,9078,5404,3674,1197,55261,0.5952853051332893,0.8186638388123012,0.5259367396593674,0.6893296766375406,0.7076845765113831,0.7993144989013672,0.9822719097137451,"5,001+"
27,67,0.0010223388671875,45,7,38,60,65431,0.15555555555555556,0.1044776119402985,0.06666666666666667,0.125,0.2865241467952728,0.3385186195373535,0.5032015442848206,51-100
28,1579,0.0240936279296875,4013,1404,2609,175,61348,0.34986294542736107,0.8891703609879671,0.335243553008596,0.5021459227467812,0.7350581884384155,0.8284587264060974,0.9403965473175049,"1,001-2,500"
29,0,0.0,0,0,0,0,65536,0.0,0.0,0.0,0.0,,,,No bare land
30,1346,0.020538330078125,1878,675,1203,671,62987,0.35942492012779553,0.5014858841010401,0.26480972930561003,0.41873449131513646,0.48020076751708984,0.4648093283176422,0.9681934118270874,"1,001-2,500"
31,2827,0.0431365966796875,1471,1115,356,1712,62353,0.7579877634262406,0.39441103643438274,0.3502984605717876,0.5188459748720335,0.34607505798339844,0.3235081434249878,0.7448707222938538,"2,501-5,000"
32,248,0.0037841796875,1389,138,1251,110,64037,0.09935205183585313,0.5564516129032258,0.09206137424949967,0.1686010995723885,0.48486489057540894,0.5079053640365601,0.8828221559524536,101-250
33,203,0.0030975341796875,494,189,305,14,65028,0.3825910931174089,0.9310344827586207,0.3720472440944882,0.5423242467718795,0.715494692325592,0.760551393032074,0.8948894739151001,101-250
34,1614,0.024627685546875,4650,1376,3274,238,60648,0.29591397849462364,0.8525402726146221,0.281505728314239,0.4393358876117497,0.714449405670166,0.8065065145492554,0.9937243461608887,"1,001-2,500"
35,525,0.0080108642578125,1522,389,1133,136,63878,0.2555847568988173,0.7409523809523809,0.23462002412545235,0.38006839276990717,0.5636621117591858,0.6065144538879395,0.8930120468139648,"501-1,000"
36,1494,0.022796630859375,2131,658,1473,836,62569,0.30877522290004694,0.4404283801874163,0.22177283451297608,0.3630344827586207,0.413743793964386,0.3493726849555969,0.9008368253707886,"1,001-2,500"
37,1209,0.0184478759765625,1584,520,1064,689,63263,0.3282828282828283,0.43010752688172044,0.22877254729432467,0.372359470103831,0.3990245759487152,0.3815046548843384,0.7784015536308289,"1,001-2,500"
38,213,0.0032501220703125,1381,143,1238,70,64085,0.10354815351194786,0.6713615023474179,0.09855272226051,0.1794228356336261,0.5465526580810547,0.5964361429214478,0.891926109790802,101-250
39,0,0.0,14,0,14,0,65522,0.0,0.0,0.0,0.0,,,,No bare land
40,2125,0.0324249267578125,705,295,410,1830,63001,0.41843971631205673,0.1388235294117647,0.11637080867850098,0.20848056537102475,0.18803423643112183,0.10351486504077911,0.6772132515907288,"1,001-2,500"
41,166,0.002532958984375,156,41,115,125,65255,0.26282051282051283,0.2469879518072289,0.14590747330960854,0.2546583850931677,0.25149163603782654,0.15832176804542542,0.761505663394928,101-250
42,388,0.00592041015625,542,229,313,159,64835,0.4225092250922509,0.5902061855670103,0.32667617689015693,0.4924731182795699,0.45282453298568726,0.4454544186592102,0.8444880843162537,251-500
43,255,0.0038909912109375,229,67,162,188,65119,0.2925764192139738,0.2627450980392157,0.1606714628297362,0.2768595041322314,0.3669115900993347,0.3494819700717926,0.758618950843811,251-500
44,78,0.001190185546875,22,2,20,76,65438,0.09090909090909091,0.02564102564102564,0.02040816326530612,0.04,0.11865293979644775,0.06748203933238983,0.33575546741485596,51-100
45,302,0.004608154296875,312,191,121,111,65113,0.6121794871794872,0.6324503311258278,0.4515366430260047,0.6221498371335505,0.5660006999969482,0.6341221332550049,0.9696677923202515,251-500
46,2104,0.0321044921875,3571,1431,2140,673,61292,0.40072808737048443,0.6801330798479087,0.337181903864279,0.5043171806167401,0.6360296607017517,0.6654639840126038,0.9970514178276062,"1,001-2,500"
47,1958,0.029876708984375,1997,918,1079,1040,62499,0.45968953430145215,0.46884576098059244,0.30227197892657226,0.46422250316055624,0.4007265269756317,0.3726567029953003,0.8560816645622253,"1,001-2,500"
48,1117,0.0170440673828125,2342,645,1697,472,62722,0.27540563620836894,0.5774395702775291,0.22921108742004265,0.37294015611448394,0.45715025067329407,0.49828553199768066,0.8705024123191833,"1,001-2,500"
49,799,0.0121917724609375,1016,706,310,93,64427,0.6948818897637795,0.8836045056320401,0.6366095581605049,0.7779614325068871,0.7075977325439453,0.7713056802749634,0.8976634740829468,"501-1,000"
50,24,0.0003662109375,23,8,15,16,65497,0.34782608695652173,0.3333333333333333,0.20512820512820512,0.3404255319148936,0.2514426112174988,0.19712547957897186,0.5947946310043335,1-50
51,1680,0.025634765625,3006,1172,1834,508,62022,0.38988689288090483,0.6976190476190476,0.33352305065452476,0.5002134016218523,0.5630513429641724,0.6025015711784363,0.9445335268974304,"1,001-2,500"
52,57,0.0008697509765625,165,29,136,28,65343,0.17575757575757575,0.5087719298245614,0.15025906735751296,0.26126126126126126,0.4356067478656769,0.38758522272109985,0.8405296802520752,51-100
53,15,0.0002288818359375,2,1,1,14,65520,0.5,0.06666666666666667,0.0625,0.11764705882352941,0.17373596131801605,0.16323770582675934,0.35388457775115967,1-50
54,414,0.006317138671875,601,273,328,141,64794,0.454242928452579,0.6594202898550725,0.36792452830188677,0.5379310344827586,0.5827903747558594,0.7735741138458252,0.9790520668029785,251-500
55,636,0.00970458984375,809,225,584,411,64316,0.27812113720642767,0.35377358490566035,0.18442622950819673,0.31141868512110726,0.32715660333633423,0.26441705226898193,0.8050955533981323,"501-1,000"
56,0,0.0,0,0,0,0,65536,0.0,0.0,0.0,0.0,,,,No bare land
57,89,0.0013580322265625,289,81,208,8,65239,0.28027681660899656,0.9101123595505618,0.2727272727272727,0.42857142857142855,0.6918113827705383,0.7316423654556274,0.8392143249511719,51-100
58,0,0.0,0,0,0,0,65536,0.0,0.0,0.0,0.0,,,,No bare land
59,304,0.004638671875,457,202,255,102,64977,0.4420131291028446,0.6644736842105263,0.3613595706618962,0.5308804204993429,0.5365068316459656,0.5339516401290894,0.792266309261322,251-500
60,1157,0.0176544189453125,1843,599,1244,558,63135,0.3250135648399349,0.5177182368193605,0.24947938359017077,0.3993333333333333,0.4118671417236328,0.46194198727607727,0.8213545680046082,"1,001-2,500"
61,13585,0.2072906494140625,25345,11951,13394,1634,38557,0.47153284671532847,0.8797202797202798,0.44297416509136733,0.6139737991266375,0.6785818934440613,0.737910270690918,0.888403058052063,"5,001+"
62,328,0.0050048828125,513,107,406,221,64802,0.20857699805068225,0.32621951219512196,0.14577656675749318,0.2544589774078478,0.3125170171260834,0.23922613263130188,0.7740517258644104,251-500
63,482,0.007354736328125,951,275,676,207,64378,0.2891692954784437,0.5705394190871369,0.2374784110535406,0.3838101884159107,0.4886462092399597,0.486488401889801,0.933190643787384,251-500
64,175,0.0026702880859375,233,95,138,80,65223,0.40772532188841204,0.5428571428571428,0.3035143769968051,0.46568627450980393,0.41012194752693176,0.3876296281814575,0.7742862701416016,101-250
65,74,0.001129150390625,92,42,50,32,65412,0.45652173913043476,0.5675675675675675,0.3387096774193548,0.5060240963855421,0.42863228917121887,0.40062347054481506,0.9412068724632263,51-100
66,0,0.0,0,0,0,0,65536,0.0,0.0,0.0,0.0,,,,No bare land
67,1903,0.0290374755859375,1768,917,851,986,62782,0.5186651583710408,0.4818707304256437,0.33297022512708785,0.49959139199128305,0.4234713315963745,0.40976181626319885,0.9205623269081116,"1,001-2,500"
68,128,0.001953125,228,107,121,21,65287,0.4692982456140351,0.8359375,0.42971887550200805,0.601123595505618,0.7128801941871643,0.842570424079895,0.9675925970077515,101-250
69,974,0.014862060546875,2253,450,1803,524,62759,0.19973368841544606,0.4620123203285421,0.16204537270435723,0.27889680818097307,0.4384811818599701,0.3947773575782776,0.949674129486084,"501-1,000"
70,205,0.0031280517578125,301,51,250,154,65081,0.16943521594684385,0.24878048780487805,0.11208791208791209,0.2015810276679842,0.24879184365272522,0.21446606516838074,0.5919300317764282,101-250
71,5058,0.077178955078125,18683,4353,14330,705,46148,0.23299256008135738,0.8606168446026097,0.22452032184856613,0.3667073838507224,0.7296732664108276,0.798896312713623,0.9523168802261353,"5,001+"
72,476,0.00726318359375,915,458,457,18,64603,0.5005464480874317,0.9621848739495799,0.4908896034297964,0.6585190510424155,0.7908090353012085,0.8733314871788025,0.9434636831283569,251-500
73,1813,0.0276641845703125,2332,1646,686,167,63037,0.7058319039451115,0.9078874793160507,0.6586634653861545,0.7942098914354644,0.7001764178276062,0.7570058107376099,0.9011786580085754,"1,001-2,500"
74,1457,0.0222320556640625,2592,1100,1492,357,62587,0.4243827160493827,0.7549759780370625,0.3730077992539844,0.5433440355643369,0.578764021396637,0.6184603571891785,0.8627946376800537,"1,001-2,500"
75,186,0.002838134765625,299,73,226,113,65124,0.24414715719063546,0.3924731182795699,0.17718446601941748,0.30103092783505153,0.3360343873500824,0.32622385025024414,0.7875617742538452,101-250
76,351,0.0053558349609375,777,275,502,76,64683,0.3539253539253539,0.7834757834757835,0.3223915592028136,0.4875886524822695,0.6267850399017334,0.7526118755340576,0.9182753562927246,251-500
77,460,0.00701904296875,699,120,579,340,64497,0.17167381974248927,0.2608695652173913,0.11549566891241578,0.2070750647109577,0.2626076936721802,0.13675472140312195,0.7232533097267151,251-500
78,272,0.004150390625,314,96,218,176,65046,0.3057324840764331,0.35294117647058826,0.19591836734693877,0.32764505119453924,0.35646578669548035,0.345572292804718,0.8191859722137451,251-500
79,245,0.0037384033203125,369,114,255,131,65036,0.3089430894308943,0.46530612244897956,0.228,0.3713355048859935,0.3607383072376251,0.34584346413612366,0.7970408201217651,101-250
80,1974,0.030120849609375,2961,1651,1310,323,62252,0.55758189800743,0.8363728470111449,0.5027405602923264,0.6690982776089159,0.6570354700088501,0.7369444370269775,0.917999267578125,"1,001-2,500"
81,145,0.0022125244140625,25,4,21,141,65370,0.16,0.027586206896551724,0.024096385542168676,0.047058823529411764,0.08024001121520996,0.046782899647951126,0.20575444400310516,101-250
82,35,0.0005340576171875,21,7,14,28,65487,0.3333333333333333,0.2,0.14285714285714285,0.25,0.24533219635486603,0.2397252768278122,0.4660845100879669,1-50
83,729,0.0111236572265625,706,342,364,387,64443,0.48441926345609065,0.4691358024691358,0.312900274473925,0.47665505226480837,0.4643747806549072,0.3709621727466583,0.9635589122772217,"501-1,000"
84,3595,0.0548553466796875,2400,1461,939,2134,61002,0.60875,0.4063977746870654,0.32223202470224965,0.4874061718098415,0.42477452754974365,0.337588369846344,0.9652984738349915,"2,501-5,000"
85,1793,0.0273590087890625,2572,1161,1411,632,62332,0.4513996889580093,0.6475181260457334,0.36235955056179775,0.5319587628865979,0.5330601930618286,0.5875035524368286,0.9113516211509705,"1,001-2,500"
86,153,0.0023345947265625,107,58,49,95,65334,0.5420560747663551,0.3790849673202614,0.2871287128712871,0.4461538461538462,0.37344101071357727,0.3784985840320587,0.6588499546051025,101-250
87,0,0.0,66,0,66,0,65470,0.0,0.0,0.0,0.0,,,,No bare land
88,612,0.00933837890625,468,136,332,476,64592,0.2905982905982906,0.2222222222222222,0.1440677966101695,0.2518518518518518,0.24254316091537476,0.11737514287233353,0.7796348333358765,"501-1,000"
89,0,0.0,0,0,0,0,65536,0.0,0.0,0.0,0.0,,,,No bare land
90,222,0.003387451171875,176,44,132,178,65182,0.25,0.1981981981981982,0.12429378531073447,0.22110552763819097,0.21466881036758423,0.054495468735694885,0.8265270590782166,101-250
91,584,0.0089111328125,2301,363,1938,221,63014,0.1577574967405476,0.6215753424657534,0.14393338620142743,0.25164644714038126,0.5531479120254517,0.6740607619285583,0.9701092839241028,"501-1,000"
92,104,0.0015869140625,149,44,105,60,65327,0.2953020134228188,0.4230769230769231,0.21052631578947367,0.34782608695652173,0.3290890157222748,0.3142210841178894,0.6875688433647156,101-250
93,790,0.012054443359375,1128,444,684,346,64062,0.39361702127659576,0.5620253164556962,0.3012211668928087,0.4629822732012513,0.5094588994979858,0.5751438140869141,0.9841268658638,"501-1,000"
94,234,0.003570556640625,952,154,798,80,64504,0.16176470588235295,0.6581196581196581,0.14922480620155038,0.2596964586846543,0.506015956401825,0.5804465413093567,0.9146493673324585,101-250
95,3,4.57763671875e-05,16,3,13,0,65520,0.1875,1.0,0.1875,0.3157894736842105,0.6697173118591309,0.8044515252113342,0.8187043070793152,1-50
96,1978,0.030181884765625,2409,1252,1157,726,62401,0.5197177251971773,0.6329625884732053,0.39936204146730464,0.5707772965580123,0.5704876780509949,0.7091994285583496,0.9205102920532227,"1,001-2,500"
97,0,0.0,0,0,0,0,65536,0.0,0.0,0.0,0.0,,,,No bare land
98,808,0.0123291015625,690,462,228,346,64500,0.6695652173913044,0.5717821782178217,0.44594594594594594,0.616822429906542,0.4783806800842285,0.5060932636260986,0.8676441311836243,"501-1,000"
99,539,0.0082244873046875,657,217,440,322,64557,0.3302891933028919,0.4025974025974026,0.2216547497446374,0.362876254180602,0.35483255982398987,0.37198469042778015,0.6957611441612244,"501-1,000"
100,75,0.0011444091796875,43,11,32,64,65429,0.2558139534883721,0.14666666666666667,0.102803738317757,0.1864406779661017,0.20067444443702698,0.18346716463565826,0.48233991861343384,51-100
101,2855,0.0435638427734375,2992,2291,701,564,61980,0.7657085561497327,0.8024518388791594,0.6442632170978627,0.7836497349067898,0.6979423761367798,0.8135512471199036,0.9650387167930603,"2,501-5,000"
102,14,0.000213623046875,15,8,7,6,65515,0.5333333333333333,0.5714285714285714,0.38095238095238093,0.5517241379310345,0.3554016053676605,0.3975200057029724,0.530318021774292,1-50
103,1223,0.0186614990234375,1593,1180,413,43,63900,0.7407407407407407,0.9648405560098119,0.7212713936430318,0.8380681818181818,0.8580297231674194,0.9253512620925903,0.9742338061332703,"1,001-2,500"
104,180,0.00274658203125,72,34,38,146,65318,0.4722222222222222,0.18888888888888888,0.1559633027522936,0.2698412698412698,0.2320854216814041,0.1935199648141861,0.5720084309577942,101-250
105,0,0.0,0,0,0,0,65536,0.0,0.0,0.0,0.0,,,,No bare land
106,0,0.0,0,0,0,0,65536,0.0,0.0,0.0,0.0,,,,No bare land
107,0,0.0,0,0,0,0,65536,0.0,0.0,0.0,0.0,,,,No bare land
108,1254,0.019134521484375,1007,859,148,395,64134,0.8530287984111221,0.6850079744816587,0.6126961483594865,0.7598407784166298,0.5749311447143555,0.630135715007782,0.932763397693634,"1,001-2,500"
109,428,0.00653076171875,599,171,428,257,64680,0.2854757929883139,0.39953271028037385,0.19976635514018692,0.3330087633885102,0.35665836930274963,0.24413292109966278,0.9047264456748962,251-500
110,312,0.0047607421875,176,49,127,263,65097,0.2784090909090909,0.15705128205128205,0.11161731207289294,0.20081967213114754,0.22101010382175446,0.11157277226448059,0.5996814966201782,251-500
111,0,0.0,0,0,0,0,65536,0.0,0.0,0.0,0.0,,,,No bare land
112,1251,0.0190887451171875,870,428,442,823,63843,0.49195402298850577,0.34212629896083135,0.2528056704075605,0.40358321546440357,0.3536735475063324,0.32774293422698975,0.8129667043685913,"1,001-2,500"
113,12,0.00018310546875,6,3,3,9,65521,0.5,0.25,0.2,0.3333333333333333,0.23815201222896576,0.252898633480072,0.4745149612426758,1-50
114,1287,0.0196380615234375,1940,547,1393,740,62856,0.28195876288659794,0.425019425019425,0.2041044776119403,0.3390145646110939,0.3824632167816162,0.37663233280181885,0.7684288620948792,"1,001-2,500"
115,1656,0.0252685546875,2585,1011,1574,645,62306,0.3911025145067698,0.6105072463768116,0.3130030959752322,0.47677434567319027,0.484844446182251,0.5313612222671509,0.8360512256622314,"1,001-2,500"
116,3869,0.0590362548828125,6022,2959,3063,910,58604,0.49136499501826636,0.7647971051951409,0.4268609347951529,0.5983217066019614,0.6783550977706909,0.8009423613548279,0.9704415798187256,"2,501-5,000"
117,1569,0.0239410400390625,1017,340,677,1229,63290,0.3343166175024582,0.21669853409815168,0.15138023152270705,0.262954369682908,0.23528306186199188,0.1685594618320465,0.6727772951126099,"1,001-2,500"
118,710,0.010833740234375,641,366,275,344,64551,0.5709828393135725,0.5154929577464789,0.3715736040609137,0.5418208734270911,0.42071428894996643,0.4341675639152527,0.8173201084136963,"501-1,000"
119,144,0.002197265625,596,92,504,52,64888,0.15436241610738255,0.6388888888888888,0.1419753086419753,0.24864864864864866,0.4965822398662567,0.5375772714614868,0.8587385416030884,101-250
120,197,0.0030059814453125,195,132,63,65,65276,0.676923076923077,0.6700507614213198,0.5076923076923077,0.673469387755102,0.5721765756607056,0.6355647444725037,0.9507756233215332,101-250
121,1125,0.0171661376953125,1782,718,1064,407,63347,0.40291806958473625,0.6382222222222222,0.32800365463682046,0.4939800481596147,0.5246506929397583,0.6002330780029297,0.9123898148536682,"1,001-2,500"
122,1847,0.0281829833984375,2609,898,1711,949,61978,0.34419317746262934,0.48619382782891174,0.25238898257448006,0.4030520646319569,0.42286068201065063,0.4155671000480652,0.8314502239227295,"1,001-2,500"
123,7279,0.1110687255859375,9541,6990,2551,289,55706,0.7326276071690598,0.9602967440582497,0.711088504577823,0.83115338882283,0.7810527086257935,0.8184311389923096,0.9143315553665161,"5,001+"
124,343,0.0052337646484375,368,118,250,225,64943,0.32065217391304346,0.34402332361516036,0.19898819561551434,0.3319268635724332,0.34381455183029175,0.29011407494544983,0.7830054759979248,251-500
125,44,0.00067138671875,154,36,118,8,65374,0.23376623376623376,0.8181818181818182,0.2222222222222222,0.36363636363636365,0.6291565895080566,0.7931991219520569,0.8699802756309509,1-50
126,665,0.0101470947265625,1131,380,751,285,64120,0.3359858532272325,0.5714285714285714,0.268361581920904,0.42316258351893093,0.523817777633667,0.5091347098350525,0.9612647891044617,"501-1,000"
127,0,0.0,0,0,0,0,65536,0.0,0.0,0.0,0.0,,,,No bare land
128,183,0.0027923583984375,83,24,59,159,65294,0.2891566265060241,0.13114754098360656,0.09917355371900827,0.18045112781954886,0.1815057098865509,0.1467621773481369,0.48647961020469666,101-250
129,2063,0.0314788818359375,3183,846,2337,1217,61136,0.26578699340245054,0.4100824042656326,0.19227272727272726,0.32253145253526494,0.3746046721935272,0.24338719248771667,0.8753610849380493,"1,001-2,500"
130,964,0.01470947265625,2175,726,1449,238,63123,0.33379310344827584,0.7531120331950207,0.3008702859510982,0.46256769671870024,0.6160903573036194,0.70890873670578,0.9422351717948914,"501-1,000"
131,828,0.01263427734375,2305,598,1707,230,63001,0.25943600867678956,0.7222222222222222,0.2358974358974359,0.3817427385892116,0.6018909215927124,0.6937501430511475,0.9240836501121521,"501-1,000"
132,3609,0.0550689697265625,4893,2838,2055,771,59872,0.5800122624156959,0.7863674147963424,0.5010593220338984,0.6676076217360621,0.5875426530838013,0.6582366228103638,0.8819240927696228,"2,501-5,000"
133,662,0.010101318359375,902,442,460,220,64414,0.49002217294900224,0.6676737160120846,0.3939393939393939,0.5652173913043478,0.6236034035682678,0.7414931654930115,0.9773237705230713,"501-1,000"
134,3380,0.05157470703125,1347,1099,248,2281,61908,0.8158871566443949,0.32514792899408285,0.30292171995589856,0.46498836471334887,0.32272425293922424,0.07303717732429504,0.9787003993988037,"2,501-5,000"
135,14,0.000213623046875,15,5,10,9,65512,0.3333333333333333,0.35714285714285715,0.20833333333333334,0.3448275862068966,0.31496453285217285,0.3406486511230469,0.4959462881088257,1-50
136,186,0.002838134765625,446,71,375,115,64975,0.1591928251121076,0.3817204301075269,0.1265597147950089,0.22468354430379747,0.33036741614341736,0.22880317270755768,0.856062650680542,101-250
137,4385,0.0669097900390625,6325,2690,3635,1695,57516,0.425296442687747,0.61345496009122,0.33541147132169574,0.5023342670401494,0.513370931148529,0.5892443656921387,0.8724777698516846,"2,501-5,000"
138,51,0.0007781982421875,28,0,28,51,65457,0.0,0.0,0.0,0.0,0.07747676968574524,0.06500344723463058,0.15614478290081024,51-100
139,422,0.006439208984375,669,218,451,204,64663,0.32585949177877427,0.5165876777251185,0.24971363115693013,0.3996333638863428,0.4664751887321472,0.41965025663375854,0.9166840314865112,251-500
140,0,0.0,0,0,0,0,65536,0.0,0.0,0.0,0.0,,,,No bare land
141,700,0.01068115234375,1599,395,1204,305,63632,0.24702939337085678,0.5642857142857143,0.20745798319327732,0.3436276642018269,0.48345163464546204,0.5144940614700317,0.8918014764785767,"501-1,000"
142,0,0.0,0,0,0,0,65536,0.0,0.0,0.0,0.0,,,,No bare land
143,1528,0.0233154296875,1576,1514,62,14,63946,0.9606598984771574,0.9908376963350786,0.9522012578616352,0.9755154639175257,0.9555586576461792,0.9784258604049683,0.9846667051315308,"1,001-2,500"
144,307,0.0046844482421875,895,158,737,149,64492,0.17653631284916202,0.5146579804560261,0.15134099616858238,0.2628951747088186,0.4123963415622711,0.40702441334724426,0.8382625579833984,251-500
145,620,0.00946044921875,654,346,308,274,64608,0.5290519877675841,0.5580645161290323,0.3728448275862069,0.543171114599686,0.5073950886726379,0.5817432403564453,0.9259019494056702,"501-1,000"
146,798,0.012176513671875,1395,608,787,190,63951,0.43584229390681006,0.7619047619047619,0.38359621451104103,0.5544915640674875,0.7286393642425537,0.9513829946517944,0.9819604158401489,"501-1,000"
147,1182,0.018035888671875,1493,779,714,403,63640,0.521768251841929,0.6590524534686971,0.4108649789029536,0.5824299065420561,0.5847150683403015,0.7329574823379517,0.9665994048118591,"1,001-2,500"
148,15960,0.2435302734375,18237,14089,4148,1871,45428,0.7725503098097275,0.8827694235588972,0.7006664014322658,0.8239904085153669,0.7119839191436768,0.8038517236709595,0.9024614095687866,"5,001+"
149,180,0.00274658203125,478,148,330,32,65026,0.30962343096234307,0.8222222222222222,0.2901960784313726,0.44984802431610943,0.5834537148475647,0.629940927028656,0.8407464027404785,101-250
150,6863,0.1047210693359375,11182,5942,5240,921,53433,0.5313897335002683,0.8658021273495556,0.4909526563661902,0.6585757827653089,0.6726980209350586,0.7386514544487,0.8824638724327087,"5,001+"
151,0,0.0,0,0,0,0,65536,0.0,0.0,0.0,0.0,,,,No bare land
152,1202,0.018341064453125,1756,887,869,315,63465,0.505125284738041,0.737936772046589,0.4282955094157412,0.5997295469912103,0.6146592497825623,0.7300900816917419,0.9367493391036987,"1,001-2,500"
153,5641,0.0860748291015625,9234,4783,4451,858,55444,0.5179770413688543,0.847899308633221,0.47393975426080065,0.6430924369747899,0.6847860813140869,0.7562870383262634,0.8908835053443909,"5,001+"
154,867,0.0132293701171875,2010,594,1416,273,63253,0.2955223880597015,0.6851211072664359,0.26018396846254926,0.4129301355578728,0.5661264657974243,0.6638698577880859,0.9223091006278992,"501-1,000"
155,337,0.0051422119140625,1156,168,988,169,64211,0.1453287197231834,0.49851632047477745,0.12679245283018867,0.22505023442732752,0.44998785853385925,0.4416331946849823,0.8312505483627319,251-500
156,922,0.014068603515625,1249,756,493,166,64121,0.6052842273819056,0.8199566160520607,0.5342756183745583,0.696453247351451,0.691487729549408,0.8020673990249634,0.9326698780059814,"501-1,000"
157,1886,0.028778076171875,1486,400,1086,1486,62564,0.2691790040376851,0.21208907741251326,0.13458950201884254,0.2372479240806643,0.2594943046569824,0.16193635761737823,0.8168002963066101,"1,001-2,500"
158,55,0.0008392333984375,96,17,79,38,65402,0.17708333333333334,0.3090909090909091,0.12686567164179105,0.2251655629139073,0.3012854754924774,0.3202087879180908,0.6152343153953552,51-100
159,1968,0.030029296875,1686,515,1171,1453,62397,0.3054567022538553,0.2616869918699187,0.16406498884995221,0.28188286808976465,0.27375614643096924,0.17206504940986633,0.7816401124000549,"1,001-2,500"
160,2073,0.0316314697265625,2451,2008,443,65,63020,0.8192574459404325,0.9686444766039556,0.7980922098569158,0.887709991158267,0.8903063535690308,0.954753577709198,0.980797529220581,"1,001-2,500"
161,39,0.0005950927734375,15,3,12,36,65485,0.2,0.07692307692307693,0.058823529411764705,0.1111111111111111,0.12608681619167328,0.0791960284113884,0.34208276867866516,1-50
162,586,0.008941650390625,419,120,299,466,64651,0.2863961813842482,0.20477815699658702,0.13559322033898305,0.23880597014925373,0.24599729478359222,0.12786343693733215,0.8846193552017212,"501-1,000"
163,38,0.000579833984375,33,4,29,34,65469,0.12121212121212122,0.10526315789473684,0.05970149253731343,0.11267605633802817,0.20580652356147766,0.1939631700515747,0.40894389152526855,1-50
164,0,0.0,0,0,0,0,65536,0.0,0.0,0.0,0.0,,,,No bare land
165,10755,0.1641082763671875,14943,9247,5696,1508,49085,0.6188181757344576,0.8597861459786146,0.5620934897574615,0.7196669001478714,0.7446133494377136,0.8293304443359375,0.9653210639953613,"5,001+"
166,142,0.002166748046875,43,10,33,132,65361,0.23255813953488372,0.07042253521126761,0.05714285714285714,0.10810810810810811,0.10933546721935272,0.048225246369838715,0.3889712691307068,101-250
167,1195,0.0182342529296875,1862,629,1233,566,63108,0.33780880773361976,0.5263598326359833,0.25906095551894565,0.41151455675498855,0.44881904125213623,0.46023765206336975,0.8909642100334167,"1,001-2,500"
168,574,0.008758544921875,988,400,588,174,64374,0.4048582995951417,0.6968641114982579,0.3442340791738382,0.5121638924455826,0.6280328035354614,0.75599205493927,0.965781569480896,"501-1,000"
169,1997,0.0304718017578125,4033,1469,2564,528,60975,0.364244978923878,0.7356034051076615,0.3220784915588687,0.48723051409618573,0.644944965839386,0.7267670035362244,0.9849939346313477,"1,001-2,500"
170,209,0.0031890869140625,38,14,24,195,65303,0.3684210526315789,0.06698564593301436,0.060085836909871244,0.11336032388663968,0.09393739700317383,0.055574461817741394,0.35549572110176086,101-250
171,372,0.00567626953125,820,268,552,104,64612,0.32682926829268294,0.7204301075268817,0.29004329004329005,0.44966442953020136,0.6055585741996765,0.7093454599380493,0.9451605677604675,251-500
172,301,0.0045928955078125,4,1,3,300,65232,0.25,0.0033222591362126247,0.003289473684210526,0.006557377049180328,0.02399428002536297,0.02120373398065567,0.024085989221930504,251-500
173,0,0.0,0,0,0,0,65536,0.0,0.0,0.0,0.0,,,,No bare land
174,16,0.000244140625,4,0,4,16,65516,0.0,0.0,0.0,0.0,0.07683223485946655,0.06767252087593079,0.12713861465454102,1-50
175,14,0.000213623046875,30,8,22,6,65500,0.26666666666666666,0.5714285714285714,0.2222222222222222,0.36363636363636365,0.34237906336784363,0.38978415727615356,0.6212272644042969,1-50
176,1397,0.0213165283203125,1191,671,520,726,63619,0.563392107472712,0.48031496062992124,0.35002608242044864,0.51854714064915,0.431417316198349,0.4260944426059723,0.798741340637207,"1,001-2,500"
177,687,0.0104827880859375,1815,301,1514,386,63335,0.16584022038567492,0.438136826783115,0.13675601999091322,0.24060751398880895,0.3837791085243225,0.313174843788147,0.9021908640861511,"501-1,000"
178,441,0.0067291259765625,518,258,260,183,64835,0.4980694980694981,0.5850340136054422,0.3680456490727532,0.5380604796663191,0.5071638822555542,0.5082920789718628,0.94466233253479,251-500
179,331,0.0050506591796875,715,147,568,184,64637,0.2055944055944056,0.44410876132930516,0.1635150166852058,0.28107074569789675,0.41572538018226624,0.3528427183628082,0.943856954574585,251-500
180,0,0.0,0,0,0,0,65536,0.0,0.0,0.0,0.0,,,,No bare land
181,2251,0.0343475341796875,4886,1710,3176,541,60109,0.3499795333606222,0.7596623722789871,0.3150912106135987,0.4791929382093317,0.614992082118988,0.686602771282196,0.9516343474388123,"1,001-2,500"
182,1177,0.0179595947265625,856,215,641,962,63718,0.25116822429906543,0.1826677994902294,0.11826182618261827,0.2115100836202656,0.23276983201503754,0.17917296290397644,0.6522815227508545,"1,001-2,500"
183,495,0.0075531005859375,584,173,411,322,64630,0.2962328767123288,0.34949494949494947,0.19094922737306844,0.3206672845227062,0.3511209487915039,0.11710409820079803,0.9485979080200195,251-500
184,0,0.0,0,0,0,0,65536,0.0,0.0,0.0,0.0,,,,No bare land
185,404,0.00616455078125,282,132,150,272,64982,0.46808510638297873,0.32673267326732675,0.23826714801444043,0.3848396501457726,0.34698158502578735,0.20571810007095337,0.9272494912147522,251-500
186,1254,0.019134521484375,851,270,581,984,63701,0.3172737955346651,0.215311004784689,0.14713896457765668,0.25653206650831356,0.23245647549629211,0.12004044651985168,0.7636141180992126,"1,001-2,500"
187,1948,0.02972412109375,2733,1495,1238,453,62350,0.5470179290157337,0.7674537987679672,0.4692404268675455,0.6387524033326213,0.6315224766731262,0.7251964807510376,0.9250970482826233,"1,001-2,500"
188,365,0.0055694580078125,322,139,183,226,64988,0.43167701863354035,0.38082191780821917,0.25364963503649635,0.40465793304221254,0.36658531427383423,0.3411361277103424,0.8121110200881958,251-500
189,166,0.002532958984375,290,127,163,39,65207,0.4379310344827586,0.7650602409638554,0.3860182370820669,0.5570175438596491,0.5902620553970337,0.6619793176651001,0.9128344058990479,101-250
190,184,0.0028076171875,41,1,40,183,65312,0.024390243902439025,0.005434782608695652,0.004464285714285714,0.008888888888888889,0.10905197262763977,0.10067463666200638,0.26863858103752136,101-250
191,177,0.0027008056640625,700,111,589,66,64770,0.15857142857142856,0.6271186440677966,0.14490861618798956,0.2531356898517674,0.5649162530899048,0.6793823838233948,0.9792016744613647,101-250
192,1793,0.0273590087890625,1458,1050,408,743,63335,0.720164609053498,0.5856107083100948,0.4770558836892322,0.6459550907413104,0.484507292509079,0.513774037361145,0.933505654335022,"1,001-2,500"
193,592,0.009033203125,1096,272,824,320,64120,0.24817518248175183,0.4594594594594595,0.192090395480226,0.3222748815165877,0.42664170265197754,0.36267977952957153,0.8845927119255066,"501-1,000"
194,0,0.0,0,0,0,0,65536,0.0,0.0,0.0,0.0,,,,No bare land
195,122,0.001861572265625,35,19,16,103,65398,0.5428571428571428,0.1557377049180328,0.13768115942028986,0.24203821656050956,0.38814136385917664,0.4080957770347595,0.5299169421195984,101-250
196,608,0.00927734375,537,161,376,447,64552,0.29981378026070765,0.26480263157894735,0.16361788617886178,0.2812227074235808,0.2244245558977127,0.12659698724746704,0.7464761137962341,"501-1,000"
197,1282,0.019561767578125,1337,486,851,796,63403,0.36350037397157814,0.3790951638065523,0.22784810126582278,0.3711340206185567,0.3875400722026825,0.3965781331062317,0.700415313243866,"1,001-2,500"
198,1347,0.0205535888671875,1360,678,682,669,63507,0.4985294117647059,0.5033407572383074,0.33415475603745687,0.5009235315847802,0.4503466486930847,0.4510754346847534,0.8929839134216309,"1,001-2,500"
199,15,0.0002288818359375,32,1,31,14,65490,0.03125,0.06666666666666667,0.021739130434782608,0.0425531914893617,0.09439161419868469,0.06325160712003708,0.23262715339660645,1-50
200,1319,0.0201263427734375,1762,568,1194,751,63023,0.322360953461975,0.4306292645943897,0.22602467170712295,0.36871145731905225,0.3595806658267975,0.3204810321331024,0.8121276497840881,"1,001-2,500"
201,354,0.005401611328125,210,137,73,217,65109,0.6523809523809524,0.3870056497175141,0.32084309133489464,0.4858156028368794,0.38058000802993774,0.3827258348464966,0.7618740797042847,251-500
202,4297,0.0655670166015625,4114,3485,629,812,60610,0.8471074380165289,0.8110309518268559,0.7074705643524157,0.8286767328498394,0.7658895254135132,0.9367033243179321,0.9836477637290955,"2,501-5,000"
203,627,0.0095672607421875,664,312,352,315,64557,0.46987951807228917,0.49760765550239233,0.31869254341164455,0.4833462432223083,0.4600580334663391,0.45039844512939453,0.957219123840332,"501-1,000"
204,614,0.009368896484375,1109,362,747,252,64175,0.32642019837691616,0.5895765472312704,0.2659808963997061,0.4201973302379571,0.5075399279594421,0.551732063293457,0.9222646951675415,"501-1,000"
205,330,0.005035400390625,74,10,64,320,65142,0.13513513513513514,0.030303030303030304,0.025380710659898477,0.04950495049504951,0.1793331801891327,0.13912585377693176,0.40565454959869385,251-500
206,954,0.014556884765625,698,200,498,754,64084,0.28653295128939826,0.20964360587002095,0.13774104683195593,0.24213075060532688,0.21595868468284607,0.10380740463733673,0.7092647552490234,"501-1,000"
207,60,0.00091552734375,156,40,116,20,65360,0.2564102564102564,0.6666666666666666,0.22727272727272727,0.37037037037037035,0.4934751093387604,0.49672818183898926,0.8740261197090149,51-100
208,1138,0.017364501953125,1640,449,1191,689,63207,0.27378048780487807,0.3945518453427065,0.19278660369257192,0.3232541396688265,0.38717585802078247,0.3390728831291199,0.8842208385467529,"1,001-2,500"
209,4,6.103515625e-05,19,1,18,3,65514,0.05263157894736842,0.25,0.045454545454545456,0.08695652173913043,0.17958271503448486,0.10052484273910522,0.4181348979473114,1-50
210,0,0.0,0,0,0,0,65536,0.0,0.0,0.0,0.0,,,,No bare land
211,378,0.005767822265625,785,171,614,207,64544,0.2178343949044586,0.4523809523809524,0.17237903225806453,0.294067067927773,0.4411270320415497,0.3599649965763092,0.9692398905754089,251-500
212,231,0.0035247802734375,206,27,179,204,65126,0.13106796116504854,0.11688311688311688,0.06585365853658537,0.12356979405034325,0.15997211635112762,0.073445625603199,0.6209639310836792,101-250
213,102,0.001556396484375,41,0,41,102,65393,0.0,0.0,0.0,0.0,0.06815823167562485,0.024563219398260117,0.22788266837596893,101-250
214,1101,0.0167999267578125,1374,822,552,279,63883,0.5982532751091703,0.7465940054495913,0.49727767695099817,0.6642424242424242,0.6550654172897339,0.7796895503997803,0.9532124400138855,"1,001-2,500"
215,155,0.0023651123046875,182,38,144,117,65237,0.2087912087912088,0.24516129032258063,0.12709030100334448,0.22551928783382788,0.2351103276014328,0.11798626184463501,0.6823205351829529,101-250
216,802,0.012237548828125,1380,564,816,238,63918,0.40869565217391307,0.7032418952618454,0.34857849196538937,0.5169569202566453,0.6271604895591736,0.7763009071350098,0.9762996435165405,"501-1,000"
217,149,0.0022735595703125,380,42,338,107,65049,0.11052631578947368,0.28187919463087246,0.08624229979466119,0.15879017013232513,0.32187220454216003,0.25277382135391235,0.8233399987220764,101-250
218,0,0.0,0,0,0,0,65536,0.0,0.0,0.0,0.0,,,,No bare land
